Workbook

Sheet INSTRUÇÕES
A1: PROJETO FINAL — GESTÃO DE STOCK
A2: UFCD 0778 · Folha de cálculo · Projeto alternativo
A4: O armazém StockPro regista todos os movimentos de stock — entradas e saídas de produtos. A direção precisa de analisar os movimentos por categoria, tipo e armazém. Transforma este ficheiro numa ferramenta de análise profissional.
A7: Etapa | B7: Trabalho | C7: Folha
A8: 1 | B8: Completar a coluna Valor movimento com uma fórmula copiável. Confirmar tipos de dados e converter em tabela tbStock. | C8: BASE
A9: 2 | B9: Construir os indicadores com SOMA, MÉDIA, MÁXIMO, MÍNIMO e CONTAR. | C9: CÁLCULOS
A10: 3 | B10: Analisar os movimentos por categoria, tipo e armazém com SOMA.SE, MÉDIA.SE e CONTAR.SE. | C10: ESTATÍSTICA
A11: 4 | B11: Criar uma tabela dinâmica e um gráfico que respondam a uma questão concreta. | C11: ANÁLISE
A12: 5 | B12: Verificar o trabalho e confirmar que não existem erros. | C12: VERIFICAÇÃO
A14: Código de cores: amarelo = área a preencher | azul = orientação | verde = títulos

Sheet BASE
A1: BASE DE MOVIMENTOS DE STOCK — 2026
A2: 72 movimentos · Complete a coluna Valor movimento com uma fórmula e converta em tabela tbStock
A4: ID | B4: Data | C4: Categoria | D4: Produto | E4: Tipo | F4: Quantidade | G4: Preço unitário | H4: Valor movimento | I4: Armazém
A5: M001 | B5: 46023 | C5: Papelaria | D5: Resmas A4 | E5: Entrada | F5: 5 | G5: 4.5 | H5: =F5*G5 -> 22.5 | I5: Norte
A6: M002 | B6: 46055 | C6: Informática | D6: Teclado | E6: Saída | F6: 10 | G6: 18.9 | H6: =F6*G6 -> 189 | I6: Sul
A7: M003 | B7: 46084 | C7: Limpeza | D7: Sacos lixo | E7: Entrada | F7: 15 | G7: 2.1 | H7: =F7*G7 -> 31.5 | I7: Centro
A8: M004 | B8: 46116 | C8: Mobiliário | D8: Cadeira | E8: Saída | F8: 20 | G8: 89 | H8: =F8*G8 -> 1780 | I8: Norte
A9: M005 | B9: 46147 | C9: Escritório | D9: Dossiers | E9: Entrada | F9: 25 | G9: 2.1 | H9: =F9*G9 -> 52.5 | I9: Sul
A10: M006 | B10: 46179 | C10: Papelaria | D10: Cadernos | E10: Saída | F10: 30 | G10: 2.8 | H10: =F10*G10 -> 84 | I10: Centro
A11: M007 | B11: 46029 | C11: Informática | D11: Rato USB | E11: Entrada | F11: 8 | G11: 12.5 | H11: =F11*G11 -> 100 | I11: Norte
A12: M008 | B12: 46061 | C12: Limpeza | D12: Papel higiene | E12: Saída | F12: 12 | G12: 5.6 | H12: =F12*G12 -> 67.2 | I12: Sul
A13: M009 | B13: 46090 | C13: Mobiliário | D13: Estante | E13: Entrada | F13: 3 | G13: 65 | H13: =F13*G13 -> 195 | I13: Centro
A14: M010 | B14: 46122 | C14: Escritório | D14: Agrafador | E14: Saída | F14: 18 | G14: 6.5 | H14: =F14*G14 -> 117 | I14: Norte
A15: M011 | B15: 46153 | C15: Papelaria | D15: Canetas | E15: Entrada | F15: 5 | G15: 1.2 | H15: =F15*G15 -> 6 | I15: Sul
A16: M012 | B16: 46185 | C16: Informática | D16: Pen USB | E16: Saída | F16: 10 | G16: 8.5 | H16: =F16*G16 -> 85 | I16: Centro
... A76: M072 | B76: 46189 | C76: Informática | D76: Pen USB | E76: Saída | F76: 10 | G76: 8.5 | H76: =F76*G76 -> 85 | I76: Centro

Sheet CÁLCULOS
A1: CÁLCULOS E INDICADORES
A2: Constrói as fórmulas nas células amarelas. Usa funções ligadas à tabela tbStock.
A4: Indicador | B4: Função | C4: Intervalo | D4: Resultado | E4: Interpretação
A5: Valor total de todos os movimentos | B5: SOMA | C5: Valor movimento | D5: =SUM(BASE!H5:H76) -> 19972.3 | E5: Valor total de todos os movimentos registados
A6: Valor médio por movimento | B6: MÉDIA | C6: Valor movimento | D6: =AVERAGE(BASE!H5:H76) -> 277.39306 | E6: Valor médio por movimento
A7: Movimento de maior valor | B7: MÁXIMO | C7: Valor movimento | D7: =MAX(BASE!H5:H76) -> 2900 | E7: Movimento de maior valor
A8: Movimento de menor valor | B8: MÍNIMO | C8: Valor movimento | D8: =MIN(BASE!H5:H76) -> 6 | E8: Movimento de menor valor
A9: Número total de movimentos | B9: CONTAR ou CONTARA | C9: ID | D9: =COUNTA(BASE!A5:A76) -> 72 | E9: Total de movimentos registados
A10: Número de entradas | B10: CONTAR.SE | C10: Tipo = Entrada | D10: =COUNTIF(BASE!E5:E76,"Entrada") -> 36 | E10: Movimentos de entrada no armazém
A11: Número de saídas | B11: CONTAR.SE | C11: Tipo = Saída | D11: =COUNTIF(BASE!E5:E76,"Saída") -> 36 | E11: Movimentos de saída do armazém
A12: Número de movimentos no armazém Norte | B12: CONTAR.SE | C12: Armazém = Norte | D12: =COUNTIF(BASE!I5:I76,"Norte") -> 24 | E12: Movimentos no armazém Norte

Sheet ESTATÍSTICA
A1: ANÁLISE ESTATÍSTICA
A2: Usa SOMA.SE, MÉDIA.SE e CONTAR.SE para analisar os movimentos por categoria, tipo e armazém.
A4: Por Categoria
A5: Categoria | B5: N.º movimentos | C5: Valor total | D5: Valor médio
A6: Papelaria | B6: =COUNTIF(BASE!C5:C76,"Papelaria") -> 15 | C6: =SUMIF(BASE!C5:C76,"Papelaria",BASE!H5:H76) -> 707.5 | D6: =AVERAGEIF(BASE!C5:C76,"Papelaria",BASE!H5:H76) -> 47.166667
A7: Informática | B7: =COUNTIF(BASE!C5:C76,"Informática") -> 15 | C7: =SUMIF(BASE!C5:C76,"Informática",BASE!H5:H76) -> 1810.4 | D7: =AVERAGEIF(BASE!C5:C76,"Informática",BASE!H5:H76) -> 120.69333
A8: Limpeza | B8: =COUNTIF(BASE!C5:C76,"Limpeza") -> 14 | C8: =SUMIF(BASE!C5:C76,"Limpeza",BASE!H5:H76) -> 687.3 | D8: =AVERAGEIF(BASE!C5:C76,"Limpeza",BASE!H5:H76) -> 49.092857
A9: Mobiliário | B9: =COUNTIF(BASE!C5:C76,"Mobiliário") -> 14 | C9: =SUMIF(BASE!C5:C76,"Mobiliário",BASE!H5:H76) -> 15729 | D9: =AVERAGEIF(BASE!C5:C76,"Mobiliário",BASE!H5:H76) -> 1123.5
A10: Escritório | B10: =COUNTIF(BASE!C5:C76,"Escritório") -> 14 | C10: =SUMIF(BASE!C5:C76,"Escritório",BASE!H5:H76) -> 1038.1 | D10: =AVERAGEIF(BASE!C5:C76,"Escritório",BASE!H5:H76) -> 74.15
A13: Por Tipo de Movimento
A14: Tipo | B14: N.º movimentos | C14: Valor total | D14: Valor médio
A15: Entrada | B15: =COUNTIF(BASE!E5:E76,"Entrada") -> 36 | C15: =SUMIF(BASE!E5:E76,"Entrada",BASE!H5:H76) -> 3756.9 | D15: =AVERAGEIF(BASE!E5:E76,"Entrada",BASE!H5:H76) -> 104.35833
A16: Saída | B16: =COUNTIF(BASE!E5:E76,"Saída") -> 36 | C16: =SUMIF(BASE!E5:E76,"Saída",BASE!H5:H76) -> 16215.4 | D16: =AVERAGEIF(BASE!E5:E76,"Saída",BASE!H5:H76) -> 450.42778
A19: Por Armazém
A20: Armazém | B20: N.º movimentos | C20: Valor total | D20: Valor médio
A21: Norte | B21: =COUNTIF(BASE!I5:I76,"Norte") -> 24 | C21: =SUMIF(BASE!I5:I76,"Norte",BASE!H5:H76) -> 7610.3 | D21: =AVERAGEIF(BASE!I5:I76,"Norte",BASE!H5:H76) -> 317.09583
A22: Sul | B22: =COUNTIF(BASE!I5:I76,"Sul") -> 24 | C22: =SUMIF(BASE!I5:I76,"Sul",BASE!H5:H76) -> 8232.1 | D22: =AVERAGEIF(BASE!I5:I76,"Sul",BASE!H5:H76) -> 343.00417
A23: Centro | B23: =COUNTIF(BASE!I5:I76,"Centro") -> 24 | C23: =SUMIF(BASE!I5:I76,"Centro",BASE!H5:H76) -> 4129.9 | D23: =AVERAGEIF(BASE!I5:I76,"Centro",BASE!H5:H76) -> 172.07917

Sheet ANÁLISE
A1: ANÁLISE DINÂMICA
A2: Cria uma tabela dinâmica a partir de tbStock e um gráfico que responda a uma questão concreta.
A4: QUESTÃO 1 — Que categoria tem maior valor total de movimentos?
A5: → Cria aqui a tabela dinâmica e o gráfico correspondente
A7: QUESTÃO 2 — Como se distribuem as entradas e saídas por armazém?
A8: → Cria aqui a tabela dinâmica e o gráfico correspondente
A10: QUESTÃO 3 — Qual o produto com mais movimentos registados?
A11: → Cria aqui a tabela dinâmica e o gráfico correspondente

Sheet VERIFICAÇÃO
A1: VERIFICAÇÃO FINAL
A2: Confirma cada ponto antes de entregar o ficheiro.
A4: Elemento | B4: Concluído? | C4: Folha | D4: Observações
A5: A coluna Valor movimento está preenchida com fórmula copiável | B5: ✓ | C5: BASE
A6: O intervalo foi convertido na tabela tbStock | B6: ✓ | C6: BASE
A7: Os tipos de dados estão corretos (datas, números, texto) | B7: ✓ | C7: BASE
A8: Os 8 indicadores estão calculados com as funções corretas | B8: ✓ | C8: CÁLCULOS
A9: As tabelas por categoria, tipo e armazém estão preenchidas | B9: ✓ | C9: ESTATÍSTICA
A10: A tabela dinâmica foi criada a partir de tbStock | B10: ✓ | C10: ANÁLISE
A11: O gráfico responde a uma questão concreta e tem título | B11: ✓ | C11: ANÁLISE
A12: Não existem erros de fórmula no ficheiro | B12: ✓ | C12: Todas
A13: Os filtros estão limpos antes da entrega | B13: ✓ | C13: Todas
