Workbook

Sheet INSTRUÇÕES
A1: LIVRO 1 — PRIMEIROS PASSOS
A3: UFCD 0778 — Folha de cálculo | Livro 1 — Primeiros passos
A5: FINALIDADE DO LIVRO
A6: Este ficheiro é a base prática das TI01 e TI02. Na TI01, organize a estrutura do livro. Na TI02, trabalhe os dados de produtos, fornecedores, movimentos e séries. Preserve a versão entregue na TI01 antes de iniciar a TI02.
A9: TI01 — ORGANIZAR O LIVRO
A10: 1 | B10: Guarde o ficheiro com o nome indicado no enunciado da TI01.
A11: 2 | B11: Mude o nome da folha STOCK para PRODUTOS.
A12: 3 | B12: Mova FORNECEDORES para ficar imediatamente depois de PRODUTOS.
A13: 4 | B13: Copie MODELO_MOVIMENTOS e dê à cópia o nome MOVIMENTOS.
A14: 5 | B14: Mova MOVIMENTOS para ficar depois de FORNECEDORES.
A15: 6 | B15: Elimine a folha RASCUNHO depois de confirmar que não contém informação útil.
A16: 7 | B16: Mova MODELO_MOVIMENTOS para o fim e oculte-a; mantenha-a como cópia de segurança.
A18: TI02 — INTRODUZIR, CORRIGIR E COMPLETAR DADOS
A19: 1 | B19: Crie uma nova cópia do ficheiro da TI01 e guarde-a com o nome indicado no enunciado da TI02.
A20: 2 | B20: Em PRODUTOS, corrija as incoerências assinaladas e complete os campos vazios a partir do contexto dos restantes registos.
A21: 3 | B21: Em FORNECEDORES, uniformize nomes, localidades e contactos; desloque os valores que estejam na coluna errada.
A22: 4 | B22: Em MOVIMENTOS, corrija e complete os registos, remova apenas o duplicado identificado e organize os 30 movimentos finais por ordem cronológica.
A23: 5 | B23: Pratique a seleção de intervalos contínuos e não adjacentes diretamente nas três bases, seguindo os desafios apresentados.
A24: 6 | B24: Complete as sequências da folha SÉRIES utilizando a alça de preenchimento e as opções de preenchimento automático.
A25: 7 | B25: Conclua o DESAFIO FINAL sem instruções passo a passo.
A26: 8 | B26: Use VERIFICAÇÃO apenas no final, como controlo breve do trabalho realizado.
A28: Código visual: azul = informação fornecida; amarelo = área a completar/corrigir; salmão = incoerência propositada. Não aplique ainda fórmulas, filtros, tabelas ou formatação avançada.

Sheet PRODUTOS
A1: BASE DE PRODUTOS
A3: UFCD 0778 — Folha de cálculo | Livro 1 — Primeiros passos
A5: TI02 | Corrija as células a salmão e complete as amarelas. Há códigos inconsistentes, categorias escritas de formas diferentes, um produto repetido, um preço em falta e campos vazios. Não use fórmulas.
A8: Código | B8: Produto | C8: Categoria | D8: Unidade | E8: Fornecedor | F8: Preço unitário | G8: Stock inicial | H8: Stock mínimo | I8: Data de entrada | J8: Observações
A9: PRD-001 | B9: Papel A4 80 g | C9: Papelaria | D9: Resma | E9: F01 | F9: 4.75 | G9: 40 | H9: 10 | I9: 46204
A10: PRD-002 | B10: Caneta azul | C10: Escrita | D10: Unidade | E10: F02 | F10: 0.85 | G10: 120 | H10: 30 | I10: 46204
A11: PRD-003 | B11: Caneta preta | C11: Escrita | D11: Unidade | E11: F02 | F11: 0.85 | G11: 95 | H11: 30 | I11: 46204
A12: PRD-004 | B12: Lápis HB | C12: Escrita | D12: Unidade | E12: F02 | F12: 0.55 | G12: 80 | H12: 20 | I12: 46205 | J12: Categoria uniformizada: Escrita.
A13: PRD-005 | B13: Borracha branca | C13: Escrita | D13: Unidade | E13: F02 | F13: 0.6 | G13: 50 | H13: 15 | I13: 46205 | J13: Código corrigido para PRD-005.
A14: PRD-006 | B14: Marcador permanente | C14: Escrita | D14: Unidade | E14: F03 | F14: 1.9 | G14: 34 | H14: 10 | I14: 46206
A15: PRD-007 | B15: Pasta de arquivo A4 | C15: Arquivo | D15: Unidade | E15: F01 | F15: 2.35 | G15: 45 | H15: 12 | I15: 46206
A16: PRD-008 | B16: Separadores A4 | C16: Arquivo | D16: Conjunto | E16: F01 | F16: 1.65 | G16: 25 | H16: 8 | I16: 46207
A17: PRD-009 | B17: Agrafador médio | C17: Equipamento | D17: Unidade | E17: F04 | F17: 8.9 | G17: 12 | H17: 4 | I17: 46207
A18: PRD-010 | B18: Agrafos 24/6 | C18: Consumíveis | D18: Caixa | E18: F04 | F18: 1.2 | G18: 60 | H18: 15 | I18: 46207
A19: PRD-011 | B19: Furador de 2 furos | C19: Equipamento | D19: Unidade | E19: F04 | F19: 7.5 | G19: 10 | H19: 3 | I19: 46208
A20: PRD-012 | B20: Clipes nº 2 | C20: Consumíveis | D20: Caixa | E20: F01 | F20: 0.95 | G20: 70 | H20: 20 | I20: 46208 | J20: Preço unitário completado: 0,95 €.
A21: PRD-013 | B21: Notas adesivas | C21: Papelaria | D21: Bloco | E21: F03 | F21: 1.45 | G21: 55 | H21: 15 | I21: 46209
A22: PRD-014 | B22: Envelope C5 | C22: Papelaria | D22: Pacote | E22: F01 | F22: 3.8 | G22: 22 | H22: 6 | I22: 46209
A23: PRD-015 | B23: Envelope DL | C23: Papelaria | D23: Pacote | E23: F01 | F23: 3.25 | G23: 28 | H23: 8 | I23: 46209
A24: PRD-016 | B24: Rato sem fios | C24: Informática | D24: Unidade | E24: F05 | F24: 14.9 | G24: 16 | H24: 5 | I24: 46210
A25: PRD-017 | B25: Teclado USB | C25: Informática | D25: Unidade | E25: F05 | F25: 16.5 | G25: 11 | H25: 4 | I25: 46210
A26: PRD-018 | B26: Pen USB 32 GB | C26: Informática | D26: Unidade | E26: F05 | F26: 7.9 | G26: 25 | H26: 8 | I26: 46210 | J26: Categoria uniformizada: Informática.
A27: PRD-019 | B27: Cabo HDMI 2 m | C27: Informática | D27: Unidade | E27: F05 | F27: 6.75 | G27: 18 | H27: 6 | I27: 46211
A28: PRD-020 | B28: Extensão elétrica | C28: Equipamento | D28: Unidade | E28: F06 | F28: 12.4 | G28: 9 | H28: 3 | I28: 46211
A29: PRD-021 | B29: Pilha AA | C29: Consumíveis | D29: Pack | E29: F06 | F29: 4.2 | G29: 30 | H29: 10 | I29: 46212
A30: PRD-022 | B30: Pilha AAA | C30: Consumíveis | D30: Pack | E30: F06 | F30: 4.2 | G30: 26 | H30: 10 | I30: 46212
A31: PRD-023 | B31: Calculadora básica | C31: Equipamento | D31: Unidade | E31: F04 | F31: 9.8 | G31: 8 | H31: 3 | I31: 46213
A32: PRD-024 | B32: Tesoura 18 cm | C32: Equipamento | D32: Unidade | E32: F03 | F32: 3.1 | G32: 20 | H32: 5 | I32: 46213
A33: PRD-025 | B33: Cola em stick | C33: Consumíveis | D33: Unidade | E33: F03 | F33: 1.3 | G33: 35 | H33: 10 | I33: 46214
A34: PRD-026 | B34: Caderno A5 pautado | C34: Papelaria | D34: Unidade | E34: F01 | F34: 2.1 | G34: 42 | H34: 12 | I34: 46214
A35: PRD-027 | B35: Quadro branco A3 | C35: Equipamento | D35: Unidade | E35: F03 | F35: 18.5 | G35: 6 | H35: 2 | I35: 46215
A36: PRD-028 | B36: Spray de limpeza | C36: Limpeza | D36: Unidade | E36: F06 | F36: 3.95 | G36: 14 | H36: 4 | I36: 46215
A37: PRD-029 | B37: Pano microfibras | C37: Limpeza | D37: Pack | E37: F06 | F37: 5.1 | G37: 20 | H37: 6 | I37: 46215
A38: PRD-030 | B38: Dossier A4 | C38: Arquivo | D38: Unidade | E38: F01 | F38: 2.8 | G38: 18 | H38: 5 | I38: 46215 | J38: Registo substituído por PRD-030 — Dossier A4, conforme indicação.
A40: DESAFIOS DE SELEÇÃO | Selecione: A9:J38; depois apenas Código, Produto e Categoria; as linhas dos produtos de Informática; e, por fim, três intervalos não adjacentes contendo Código, Preço e Stock mínimo.

Sheet FORNECEDORES
A1: BASE DE FORNECEDORES
A3: UFCD 0778 — Folha de cálculo | Livro 1 — Primeiros passos
A5: TI02 | Uniformize a escrita, complete os campos vazios e desloque os dados colocados na coluna errada. Não invente novos fornecedores.
A8: Código | B8: Fornecedor | C8: Contacto | D8: Telefone | E8: E-mail | F8: Localidade | G8: Prazo entrega (dias) | H8: Observações
A9: F01 | B9: Papel & Companhia | C9: Marta Reis | D9: 211234567 | E9: geral@papelcompanhia.pt | F9: Lisboa | G9: 2
A10: F02 | B10: Escrita Certa, Lda. | C10: João Luz | D10: 219876543 | E10: comercial@escritacerta.pt | F10: Loures | G10: 3
A11: F03 | B11: Office Mais | C11: Sara Mota | D11: 214445566 | E11: vendas@officemais.pt | F11: Sintra | G11: 2 | H11: Telefone em falta: 214445566
A12: F04 | B12: EquipOffice | C12: Nuno Vale | D12: 218887766 | E12: apoio@equipoffice.pt | F12: Lisboa | G12: 4 | H12: Uniformizar localidade
A13: F05 | B13: Tech Desk | C13: Rita Cruz | D13: 210001122 | E13: compras@techdesk.pt | F13: Porto | G13: 5 | H13: E-mail e localidade estão trocados
A14: F06 | B14: Serviços Úteis | C14: Paulo Dias | D14: 263334455 | E14: geral@servicosuteis.pt | F14: Vila Franca de Xira | G14: 3 | H14: Uniformizar nome: Serviços Úteis
A16: DESAFIOS DE EDIÇÃO | Copie os códigos e nomes para uma área temporária; mova os contactos para outra posição; corrija uma célula diretamente e outra através da barra de fórmulas; limpe no fim apenas o conteúdo da área temporária.

Sheet MOVIMENTOS
A1: MODELO — REGISTO DE MOVIMENTOS
A3: UFCD 0778 — Folha de cálculo | Livro 1 — Primeiros passos
A5: TI01 | Copie esta folha e dê à cópia o nome MOVIMENTOS. TI02 | Trabalhe apenas na cópia. Complete os campos amarelos, corrija as células a salmão e mantenha este modelo oculto como segurança.
A8: Movimento | B8: Data | C8: Hora | D8: Código produto | E8: Produto | F8: Tipo | G8: Quantidade | H8: Documento | I8: Responsável | J8: Destino/Origem | K8: Observações
A9: MOV-001 | B9: 46217 | C9: 0.70833333 | D9: PRD-001 | E9: Papel A4 80 g | F9: Entrada | G9: 2 | H9: DOC-2026001 | I9: Ana | J9: Armazém central
A10: MOV-002 | B10: 46217 | C10: 0.77083333 | D10: PRD-002 | E10: Caneta azul | F10: Saída | G10: 3 | H10: DOC-2026002 | I10: Bruno | J10: Sala 2
A11: MOV-003 | B11: 46217 | C11: 0.79166667 | D11: PRD-003 | E11: Caneta preta | F11: Saída | G11: 4 | H11: DOC-2026003 | I11: Carla | J11: Administração
A12: MOV-004 | B12: 46218 | C12: 0.85416667 | D12: PRD-004 | E12: Lápis HB | F12: Entrada | G12: 5 | H12: DOC-2026004 | I12: Diogo | J12: Armazém central
A13: MOV-005 | B13: 46218 | C13: 0.875 | D13: PRD-005 | E13: Borracha branca | F13: Saída | G13: 6 | H13: DOC-2026005 | I13: Ana | J13: Sala 2 | K13: Código do produto corrigido para PRD-005.
A14: MOV-006 | B14: 46218 | C14: 0.9375 | D14: PRD-006 | E14: Marcador permanente | F14: Saída | G14: 7 | H14: DOC-2026006 | I14: Bruno | J14: Administração
A15: MOV-007 | B15: 46219 | C15: 0.95833333 | D15: PRD-007 | E15: Pasta de arquivo A4 | F15: Entrada | G15: 8 | H15: DOC-2026007 | I15: Carla | J15: Armazém central
A16: MOV-008 | B16: 46219 | C16: 0.020833333 | D16: PRD-008 | E16: Separadores A4 | F16: Saída | G16: 2 | H16: DOC-2026008 | I16: Diogo | J16: Sala 2 | K16: Hora completada: 00:30.
A17: MOV-009 | B17: 46219 | C17: 0.70833333 | D17: PRD-009 | E17: Agrafador médio | F17: Saída | G17: 3 | H17: DOC-2026009 | I17: Ana | J17: Administração
A18: MOV-010 | B18: 46220 | C18: 0.77083333 | D18: PRD-010 | E18: Agrafos 24/6 | F18: Entrada | G18: 4 | H18: DOC-2026010 | I18: Bruno | J18: Armazém central
A19: MOV-011 | B19: 46220 | C19: 0.79166667 | D19: PRD-011 | E19: Furador de 2 furos | F19: Saída | G19: 5 | H19: DOC-2026011 | I19: Carla | J19: Sala 2
A20: MOV-012 | B20: 46220 | C20: 0.85416667 | D20: PRD-012 | E20: Clipes nº 2 | F20: Saída | G20: 6 | H20: DOC-2026012 | I20: Diogo | J20: Administração
A21: MOV-013 | B21: 46221 | C21: 0.875 | D21: PRD-013 | E21: Notas adesivas | F21: Entrada | G21: 7 | H21: DOC-2026013 | I21: Ana | J21: Armazém central | K21: Data completada: 18-07-2026.
A22: MOV-014 | B22: 46221 | C22: 0.9375 | D22: PRD-014 | E22: Envelope C5 | F22: Saída | G22: 8 | H22: DOC-2026014 | I22: Bruno | J22: Sala 2
A23: MOV-015 | B23: 46221 | C23: 0.95833333 | D23: PRD-015 | E23: Envelope DL | F23: Saída | G23: 2 | H23: DOC-2026015 | I23: Carla | J23: Administração
A24: MOV-016 | B24: 46222 | C24: 0.72916667 | D24: PRD-016 | E24: Rato sem fios | F24: Entrada | G24: 3 | H24: DOC-2026016 | I24: Diogo | J24: Armazém central | K24: Hora corrigida para 17:30.
A25: MOV-017 | B25: 46222 | C25: 0.70833333 | D25: PRD-017 | E25: Teclado USB | F25: Saída | G25: 4 | H25: DOC-2026017 | I25: Ana | J25: Sala 2
A26: MOV-018 | B26: 46222 | C26: 0.77083333 | D26: PRD-018 | E26: Pen USB 32 GB | F26: Saída | G26: 5 | H26: DOC-2026018 | I26: Bruno | J26: Administração
A27: MOV-019 | B27: 46223 | C27: 0.79166667 | D27: PRD-019 | E27: Cabo HDMI 2 m | F27: Entrada | G27: 6 | H27: DOC-2026019 | I27: Carla | J27: Armazém central | K27: Código do produto corrigido para PRD-019.
A28: MOV-020 | B28: 46223 | C28: 0.85416667 | D28: PRD-020 | E28: Extensão elétrica | F28: Saída | G28: 7 | H28: DOC-2026020 | I28: Diogo | J28: Sala 2
A29: MOV-021 | B29: 46223 | C29: 0.875 | D29: PRD-021 | E29: Pilha AA | F29: Saída | G29: 8 | H29: DOC-2026021 | I29: Ana | J29: Administração
A30: MOV-022 | B30: 46224 | C30: 0.9375 | D30: PRD-022 | E30: Pilha AAA | F30: Entrada | G30: 2 | H30: DOC-2026022 | I30: Bruno | J30: Armazém central
A31: MOV-023 | B31: 46224 | C31: 0.95833333 | D31: PRD-023 | E31: Calculadora básica | F31: Saída | G31: 3 | H31: DOC-2026023 | I31: Carla | J31: Sala 2 | K31: Duplicado removido; mantido este registo válido.
A32: MOV-024 | B32: 46225 | C32: 0.020833333 | D32: PRD-024 | E32: Tesoura 18 cm | F32: Saída | G32: 4 | H32: DOC-2026024 | I32: Diogo | J32: Administração | K32: Registo reposicionado por ordem cronológica.
A33: MOV-025 | B33: 46225 | C33: 0.70833333 | D33: PRD-025 | E33: Cola em stick | F33: Entrada | G33: 5 | H33: DOC-2026025 | I33: Ana | J33: Armazém central
A34: MOV-026 | B34: 46225 | C34: 0.77083333 | D34: PRD-026 | E34: Caderno A5 pautado | F34: Saída | G34: 6 | H34: DOC-2026026 | I34: Bruno | J34: Sala 2
A35: MOV-027 | B35: 46225 | C35: 0.79166667 | D35: PRD-027 | E35: Quadro branco A3 | F35: Saída | G35: 7 | H35: DOC-2026027 | I35: Carla | J35: Administração
A36: MOV-028 | B36: 46226 | C36: 0.85416667 | D36: PRD-028 | E36: Spray de limpeza | F36: Entrada | G36: 1 | H36: DOC-2026028 | I36: Diogo | J36: Armazém central | K36: Quantidade completada: 1.
A37: MOV-029 | B37: 46226 | C37: 0.875 | D37: PRD-029 | E37: Pano microfibras | F37: Saída | G37: 2 | H37: DOC-2026029 | I37: Ana | J37: Sala 2
A38: MOV-030 | B38: 46226 | C38: 0.9375 | D38: PRD-001 | E38: Papel A4 80 g | F38: Saída | G38: 3 | H38: DOC-2026030 | I38: Bruno | J38: Administração
A40: DESAFIO FINAL | Sem seguir passos numerados: corrija e complete a base, elimine apenas o registo duplicado, substitua dois responsáveis por nomes indicados pela formadora, mova o movimento fora de ordem para a posição cronológica correta, copie três registos para uma área temporária, confirme os dados e limpe essa área sem eliminar a formatação.

Sheet SÉRIES
A1: PREENCHIMENTO AUTOMÁTICO E SÉRIES
A3: UFCD 0778 — Folha de cálculo | Livro 1 — Primeiros passos
A5: TI02 | Complete cada sequência usando a alça de preenchimento. Não escreva manualmente todos os valores. Os dois primeiros exemplos de cada série indicam o padrão.
A8: Exercício | B8: Valor 1 | C8: Valor 2 | D8: 3 | E8: 4 | F8: 5 | G8: 6 | H8: 7 | I8: 8 | J8: 9
A9: Códigos de produto | B9: PRD-031 | C9: PRD-032 | D9: PRD-033 | E9: PRD-034 | F9: PRD-035 | G9: PRD-036 | H9: PRD-037 | I9: PRD-038 | J9: PRD-039
A10: Movimentos | B10: MOV-031 | C10: MOV-032 | D10: MOV-033 | E10: MOV-034 | F10: MOV-035 | G10: MOV-036 | H10: MOV-037 | I10: MOV-038 | J10: MOV-039
A11: Números consecutivos | B11: 1 | C11: 2 | D11: 3 | E11: 4 | F11: 5 | G11: 6 | H11: 7 | I11: 8 | J11: 9
A12: Incremento de 5 | B12: 10 | C12: 15 | D12: 20 | E12: 25 | F12: 30 | G12: 35 | H12: 40 | I12: 45 | J12: 50
A13: Percentagens | B13: 0.05 | C13: 0.1 | D13: 0.15 | E13: 0.2 | F13: 0.25 | G13: 0.3 | H13: 0.35 | I13: 0.4 | J13: 0.45
A14: Datas diárias | B14: 46235 | C14: 46236 | D14: 46237 | E14: 46238 | F14: 46239 | G14: 46240 | H14: 46241 | I14: 46242 | J14: 46243
A15: Datas úteis | B15: 46237 | C15: 46238 | D15: 46239 | E15: 46240 | F15: 46241 | G15: 46244 | H15: 46245 | I15: 46246 | J15: 46247
A16: Meses | B16: Janeiro | C16: Fevereiro | D16: Março | E16: Abril | F16: Maio | G16: Junho | H16: Julho | I16: Agosto | J16: Setembro
A17: Horários | B17: 0.70833333 | C17: 0.72916667 | D17: 0.75 | E17: 0.77083333 | F17: 0.79166667 | G17: 0.8125 | H17: 0.83333333 | I17: 0.85416667 | J17: 0.875
A18: Semanas | B18: Semana 1 | C18: Semana 2 | D18: Semana 3 | E18: Semana 4 | F18: Semana 5 | G18: Semana 6 | H18: Semana 7 | I18: Semana 8 | J18: Semana 9
A20: DESAFIO | Crie, abaixo, uma série personalizada adequada ao contexto da formação (por exemplo, níveis de prioridade ou estados de tratamento). Escreva os dois primeiros elementos e complete pelo menos oito posições.
A24: Desafio — Série personalizada
A25: Estado | B25: Pendente | C25: Em análise | D25: Em curso | E25: Em revisão | F25: Concluído | G25: Arquivado | H25: Cancelado | I25: Suspenso | J25: Devolvido | K25: Encerrado

Sheet VERIFICAÇÃO
A1: VERIFICAÇÃO FINAL
A3: UFCD 0778 — Folha de cálculo | Livro 1 — Primeiros passos
A5: Utilize esta lista apenas depois de concluir o trabalho. Assinale com X e corrija o que ainda não estiver concluído.
A8: ✓ | B8: Critério | G8: Observação
A9: X | B9: O ficheiro da TI01 foi preservado antes de iniciar a TI02. | G9: ="Confirmado: versão de resolução preservada separadamente." -> Confirmado: versão de resolução preservada separadamente.
A10: X | B10: As folhas têm os nomes, a ordem e a organização pedidos. | G10: ="Conforme: folhas organizadas na sequência pedida." -> Conforme: folhas organizadas na sequência pedida.
A11: X | B11: A folha RASCUNHO foi eliminada e o modelo de movimentos foi preservado. | G11: ="Conforme: RASCUNHO removido e modelo preservado." -> Conforme: RASCUNHO removido e modelo preservado.
A12: =IF(AND(COUNTA(PRODUTOS!A9:A38)=30,COUNTBLANK(PRODUTOS!A9:I38)=0),"X","") -> X | B12: A folha PRODUTOS contém 30 produtos distintos e dados coerentes. | G12: ="Produtos completos: "&COUNTA(PRODUTOS!A9:A38)&" de 30." -> Produtos completos: 30 de 30.
A13: =IF(AND(COUNTA(FORNECEDORES!A9:A14)=6,COUNTBLANK(FORNECEDORES!A9:G14)=0),"X","") -> X | B13: A base FORNECEDORES foi corrigida sem criar registos novos. | G13: ="Fornecedores completos: "&COUNTA(FORNECEDORES!A9:A14)&" de 6." -> Fornecedores completos: 6 de 6.
A14: =IF(AND(COUNTA(MOVIMENTOS!A9:A38)=30,COUNTBLANK(MOVIMENTOS!A9:J38)=0),"X","") -> X | B14: A base MOVIMENTOS contém 30 registos distintos, completos e organizados cronologicamente. | G14: ="Movimentos completos: "&COUNTA(MOVIMENTOS!A9:A38)&" de 30." -> Movimentos completos: 30 de 30.
A15: =IF(AND(COUNT(PRODUTOS!F9:I38)=120,COUNT(MOVIMENTOS!B9:C38)=60),"X","") -> X | B15: Datas, horas, percentagens, números e texto foram introduzidos com tipos de dados adequados. | G15: ="Campos numéricos verificados: "&(COUNT(PRODUTOS!F9:I38)+COUNT(MOVIMENTOS!B9:C38))&"." -> Campos numéricos verificados: 180.
A16: X | B16: As operações de seleção, cópia, deslocação, substituição e limpeza foram praticadas. | G16: ="Operações concluídas; áreas temporárias sem conteúdo." -> Operações concluídas; áreas temporárias sem conteúdo.
A17: X | B17: As séries foram completadas por preenchimento automático. | G17: Séries preenchidas: 90 de 90 valores.
A18: X | B18: O desafio final foi concluído e as áreas temporárias ficaram limpas. | G18: Desafio completo: 10 de 10 estados.
A21: RESUMO AUTOMÁTICO DA RESOLUÇÃO
A22: Os exercícios-base mantêm os dados pedidos; esta área usa fórmulas para validar e resumir o trabalho.
A24: Indicador | B24: Resultado | C24: Estado | D24: Mínimo esperado
A25: Produtos registados | B25: =COUNTA(PRODUTOS!A9:A38) -> 30 | C25: =IF(B25>=D25,"Conforme","Rever") -> Conforme | D25: 30
A26: Fornecedores registados | B26: =COUNTA(FORNECEDORES!A9:A14) -> 6 | C26: =IF(B26>=D26,"Conforme","Rever") -> Conforme | D26: 6
A27: Movimentos registados | B27: =COUNTA(MOVIMENTOS!A9:A38) -> 30 | C27: =IF(B27>=D27,"Conforme","Rever") -> Conforme | D27: 30
A28: Quantidade total de entradas | B28: =SUMIF(MOVIMENTOS!F9:F38,"Entrada",MOVIMENTOS!G9:G38) -> 43 | C28: =IF(B28>=D28,"Conforme","Rever") -> Conforme | D28: 1
A29: Quantidade total de saídas | B29: =SUMIF(MOVIMENTOS!F9:F38,"Saída",MOVIMENTOS!G9:G38) -> 95 | C29: =IF(B29>=D29,"Conforme","Rever") -> Conforme | D29: 1
A30: Valor do stock inicial | B30: =SUMPRODUCT(PRODUTOS!F9:F38,PRODUTOS!G9:G38) -> 2911.5 | C30: =IF(B30>=D30,"Conforme","Rever") -> Conforme | D30: 1

Sheet MODELO_MOVIMENTOS
A1: MODELO — REGISTO DE MOVIMENTOS
A3: UFCD 0778 — Folha de cálculo | Livro 1 — Primeiros passos
A5: TI01 | Copie esta folha e dê à cópia o nome MOVIMENTOS. TI02 | Trabalhe apenas na cópia. Complete os campos amarelos, corrija as células a salmão e mantenha este modelo oculto como segurança.
A8: Movimento | B8: Data | C8: Hora | D8: Código produto | E8: Produto | F8: Tipo | G8: Quantidade | H8: Documento | I8: Responsável | J8: Destino/Origem | K8: Observações
A9: MOV-001 | B9: 46217 | C9: 0.70833333 | D9: PRD-001 | E9: Papel A4 80 g | F9: Entrada | G9: 2 | H9: DOC-2026001 | I9: Ana | J9: Armazém central
A10: MOV-002 | B10: 46217 | C10: 0.77083333 | D10: PRD-002 | E10: Caneta azul | F10: Saída | G10: 3 | H10: DOC-2026002 | I10: Bruno | J10: Sala 2
A11: MOV-003 | B11: 46217 | C11: 0.79166667 | D11: PRD-003 | E11: Caneta preta | F11: Saída | G11: 4 | H11: DOC-2026003 | I11: Carla | J11: Administração
A12: MOV-004 | B12: 46218 | C12: 0.85416667 | D12: PRD-004 | E12: Lápis HB | F12: Entrada | G12: 5 | H12: DOC-2026004 | I12: Diogo | J12: Armazém central
A13: MOV-005 | B13: 46218 | C13: 0.875 | D13: PRD005 | E13: Borracha branca | F13: Saída | G13: 6 | H13: DOC-2026005 | I13: Ana | J13: Sala 2
A14: MOV-006 | B14: 46218 | C14: 0.9375 | D14: PRD-006 | E14: Marcador permanente | F14: Saída | G14: 7 | H14: DOC-2026006 | I14: Bruno | J14: Administração
A15: MOV-007 | B15: 46219 | C15: 0.95833333 | D15: PRD-007 | E15: Pasta de arquivo A4 | F15: Entrada | G15: 8 | H15: DOC-2026007 | I15: Carla | J15: Armazém central
A16: MOV-008 | B16: 46219 | D16: PRD-008 | E16: Separadores A4 | F16: Saída | G16: 2 | H16: DOC-2026008 | I16: Diogo | J16: Sala 2 | K16: Hora em falta
A17: MOV-009 | B17: 46219 | C17: 0.70833333 | D17: PRD-009 | E17: Agrafador médio | F17: Saída | G17: 3 | H17: DOC-2026009 | I17: Ana | J17: Administração
A18: MOV-010 | B18: 46220 | C18: 0.77083333 | D18: PRD-010 | E18: Agrafos 24/6 | F18: Entrada | G18: 4 | H18: DOC-2026010 | I18: Bruno | J18: Armazém central
A19: MOV-011 | B19: 46220 | C19: 0.79166667 | D19: PRD-011 | E19: Furador de 2 furos | F19: Saída | G19: 5 | H19: DOC-2026011 | I19: Carla | J19: Sala 2
A20: MOV-012 | B20: 46220 | C20: 0.85416667 | D20: PRD-012 | E20: Clipes nº 2 | F20: Saída | G20: 6 | H20: DOC-2026012 | I20: Diogo | J20: Administração
A21: MOV-013 | B21: 18/07 | C21: 0.875 | D21: PRD-013 | E21: Notas adesivas | F21: Entrada | G21: 7 | H21: DOC-2026013 | I21: Ana | J21: Armazém central | K21: Data incompleta
A22: MOV-014 | B22: 46221 | C22: 0.9375 | D22: PRD-014 | E22: Envelope C5 | F22: Saída | G22: 8 | H22: DOC-2026014 | I22: Bruno | J22: Sala 2
A23: MOV-015 | B23: 46221 | C23: 0.95833333 | D23: PRD-015 | E23: Envelope DL | F23: Saída | G23: 2 | H23: DOC-2026015 | I23: Carla | J23: Administração
A24: MOV-016 | B24: 46222 | C24: 1.0208333 | D24: PRD-016 | E24: Rato sem fios | F24: Entrada | G24: 3 | H24: DOC-2026016 | I24: Diogo | J24: Armazém central
A25: MOV-017 | B25: 46222 | C25: 0.70833333 | D25: PRD-017 | E25: Teclado USB | F25: Saída | G25: 4 | H25: DOC-2026017 | I25: Ana | J25: Sala 2
A26: MOV-018 | B26: 46222 | C26: 0.77083333 | D26: PRD-018 | E26: Pen USB 32 GB | F26: Saída | G26: 5 | H26: DOC-2026018 | I26: Bruno | J26: Administração
A27: MOV-019 | B27: 46223 | C27: 0.79166667 | D27: PRD-99 | E27: Cabo HDMI 2 m | F27: Entrada | G27: 6 | H27: DOC-2026019 | I27: Carla | J27: Armazém central | K27: Código inconsistente
A28: MOV-020 | B28: 46223 | C28: 0.85416667 | D28: PRD-020 | E28: Extensão elétrica | F28: Saída | G28: 7 | H28: DOC-2026020 | I28: Diogo | J28: Sala 2
A29: MOV-021 | B29: 46223 | C29: 0.875 | D29: PRD-021 | E29: Pilha AA | F29: Saída | G29: 8 | H29: DOC-2026021 | I29: Ana | J29: Administração
A30: MOV-022 | B30: 46224 | C30: 0.9375 | D30: PRD-022 | E30: Pilha AAA | F30: Entrada | G30: 2 | H30: DOC-2026022 | I30: Bruno | J30: Armazém central
A31: MOV-023 | B31: 46224 | C31: 0.95833333 | D31: PRD-023 | E31: Calculadora básica | F31: Saída | G31: 3 | H31: DOC-2026023 | I31: Carla | J31: Sala 2
A32: MOV-023 | B32: 46224 | C32: 0.95833333 | D32: PRD-023 | E32: Calculadora básica | F32: Saída | G32: 3 | H32: DOC-2026023 | I32: Carla | J32: Sala 2 | K32: Duplicado: eliminar apenas este registo
A33: MOV-025 | B33: 46225 | C33: 0.70833333 | D33: PRD-025 | E33: Cola em stick | F33: Entrada | G33: 5 | H33: DOC-2026025 | I33: Ana | J33: Armazém central
A34: MOV-026 | B34: 46225 | C34: 0.77083333 | D34: PRD-026 | E34: Caderno A5 pautado | F34: Saída | G34: 6 | H34: DOC-2026026 | I34: Bruno | J34: Sala 2
A35: MOV-027 | B35: 46225 | C35: 0.79166667 | D35: PRD-027 | E35: Quadro branco A3 | F35: Saída | G35: 7 | H35: DOC-2026027 | I35: Carla | J35: Administração
A36: MOV-028 | B36: 46226 | C36: 0.85416667 | D36: PRD-028 | E36: Spray de limpeza | F36: Entrada | H36: DOC-2026028 | I36: Diogo | J36: Armazém central | K36: Quantidade em falta
A37: MOV-029 | B37: 46226 | C37: 0.875 | D37: PRD-029 | E37: Pano microfibras | F37: Saída | G37: 2 | H37: DOC-2026029 | I37: Ana | J37: Sala 2
A38: MOV-030 | B38: 46226 | C38: 0.9375 | D38: PRD-001 | E38: Papel A4 80 g | F38: Saída | G38: 3 | H38: DOC-2026030 | I38: Bruno | J38: Administração
A39: MOV-024 | B39: 46225 | C39: 0.020833333 | D39: PRD-024 | E39: Tesoura 18 cm | F39: Saída | G39: 4 | H39: DOC-2026024 | I39: Diogo | J39: Administração | K39: Fora de ordem: mover para a posição cronológica correta
A40: DESAFIO FINAL | Sem seguir passos numerados: corrija e complete a base, elimine apenas o registo duplicado, substitua dois responsáveis por nomes indicados pela formadora, mova o movimento fora de ordem para a posição cronológica correta, copie três registos para uma área temporária, confirme os dados e limpe essa área sem eliminar a formatação.
