Workbook

Sheet INSTRUÇÕES
A1: PROJETO FINAL — ORGANIZAÇÃO DE EVENTOS
A2: UFCD 0778 · Folha de cálculo · Projeto alternativo
A4: A empresa EventPro organiza eventos para empresas e particulares em todo o país. A direção precisa de analisar as receitas por tipo de evento, serviço e região. Transforma este ficheiro numa ferramenta de análise profissional.
A7: Etapa | B7: Trabalho | C7: Folha
A8: 1 | B8: Completar a coluna Receita com uma fórmula copiável. Confirmar tipos de dados e converter em tabela tbEventos. | C8: BASE
A9: 2 | B9: Construir os indicadores com SOMA, MÉDIA, MÁXIMO, MÍNIMO e CONTAR. | C9: CÁLCULOS
A10: 3 | B10: Analisar as receitas por tipo de evento, serviço e região com SOMA.SE, MÉDIA.SE e CONTAR.SE. | C10: ESTATÍSTICA
A11: 4 | B11: Criar uma tabela dinâmica e um gráfico que respondam a uma questão concreta. | C11: ANÁLISE
A12: 5 | B12: Verificar o trabalho e confirmar que não existem erros. | C12: VERIFICAÇÃO
A14: Código de cores: amarelo = área a preencher | azul = orientação | verde = títulos

Sheet BASE
A1: BASE DE EVENTOS — 2026
A2: 72 eventos · Complete a coluna Receita com uma fórmula e converta em tabela tbEventos
A4: ID | B4: Data | C4: Tipo de evento | D4: Serviço | E4: Quantidade | F4: Preço unitário | G4: Receita | H4: Região | I4: Estado
A5: EV001 | B5: 46023 | C5: Conferência | D5: Catering | E5: 2 | F5: 45 | G5: =E5*F5 -> 90 | H5: Norte | I5: Realizado
A6: EV002 | B6: 46055 | C6: Formação | D6: Audiovisual | E6: 4 | F6: 120 | G6: =E6*F6 -> 480 | H6: Lisboa | I6: Realizado
A7: EV003 | B7: 46084 | C7: Festa | D7: Decoração | E7: 6 | F7: 85 | G7: =E7*F7 -> 510 | H7: Centro | I7: Realizado
A8: EV004 | B8: 46116 | C8: Reunião | D8: Logística | E8: 8 | F8: 60 | G8: =E8*F8 -> 480 | H8: Alentejo | I8: Pendente
A9: EV005 | B9: 46147 | C9: Lançamento | D9: Animação | E9: 10 | F9: 95 | G9: =E9*F9 -> 950 | H9: Algarve | I9: Cancelado
A10: EV006 | B10: 46179 | C10: Conferência | D10: Catering | E10: 12 | F10: 45 | G10: =E10*F10 -> 540 | H10: Norte | I10: Realizado
A11: EV007 | B11: 46029 | C11: Formação | D11: Audiovisual | E11: 3 | F11: 120 | G11: =E11*F11 -> 360 | H11: Lisboa | I11: Realizado
A12: EV008 | B12: 46061 | C12: Festa | D12: Decoração | E12: 5 | F12: 85 | G12: =E12*F12 -> 425 | H12: Centro | I12: Realizado
A13: EV009 | B13: 46090 | C13: Reunião | D13: Logística | E13: 7 | F13: 60 | G13: =E13*F13 -> 420 | H13: Alentejo | I13: Pendente
A14: EV010 | B14: 46122 | C14: Lançamento | D14: Animação | E14: 9 | F14: 95 | G14: =E14*F14 -> 855 | H14: Algarve | I14: Cancelado
A15: EV011 | B15: 46153 | C15: Conferência | D15: Catering | E15: 2 | F15: 45 | G15: =E15*F15 -> 90 | H15: Norte | I15: Realizado
A16: EV012 | B16: 46185 | C16: Formação | D16: Audiovisual | E16: 4 | F16: 120 | G16: =E16*F16 -> 480 | H16: Lisboa | I16: Realizado
... A76: EV072 | B76: 46189 | C76: Formação | D76: Audiovisual | E76: 4 | F76: 120 | G76: =E76*F76 -> 480 | H76: Lisboa | I76: Realizado

Sheet CÁLCULOS
A1: CÁLCULOS E INDICADORES
A2: Constrói as fórmulas nas células amarelas. Usa funções ligadas à tabela tbEventos.
A4: Indicador | B4: Função | C4: Intervalo | D4: Resultado | E4: Interpretação
A5: Receita total de todos os eventos | B5: SOMA | C5: Receita | D5: =SUM(BASE!G5:G76) -> 36340 | E5: Receita total de todos os eventos realizados
A6: Receita média por evento | B6: MÉDIA | C6: Receita | D6: =AVERAGE(BASE!G5:G76) -> 504.72222 | E6: Receita média por evento
A7: Evento de maior receita | B7: MÁXIMO | C7: Receita | D7: =MAX(BASE!G5:G76) -> 950 | E7: Evento de maior receita
A8: Evento de menor receita | B8: MÍNIMO | C8: Receita | D8: =MIN(BASE!G5:G76) -> 90 | E8: Evento de menor receita
A9: Número total de eventos | B9: CONTAR ou CONTARA | C9: ID | D9: =COUNTA(BASE!A5:A76) -> 72 | E9: Total de eventos registados
A10: Número de eventos realizados | B10: CONTAR.SE | C10: Estado = Realizado | D10: =COUNTIF(BASE!I5:I76,"Realizado") -> 44 | E10: Eventos concluídos com sucesso
A11: Número de eventos pendentes | B11: CONTAR.SE | C11: Estado = Pendente | D11: =COUNTIF(BASE!I5:I76,"Pendente") -> 14 | E11: Eventos ainda por realizar
A12: Número de eventos cancelados | B12: CONTAR.SE | C12: Estado = Cancelado | D12: =COUNTIF(BASE!I5:I76,"Cancelado") -> 14 | E12: Eventos cancelados — analisar causas

Sheet ESTATÍSTICA
A1: ANÁLISE ESTATÍSTICA
A2: Usa SOMA.SE, MÉDIA.SE e CONTAR.SE para analisar as receitas por tipo de evento, serviço e região.
A4: Por Tipo de Evento
A6: Evento | B6: =COUNTIF(BASE!C5:C76,"Conferência") -> 15 | C6: =SUMIF(BASE!C5:C76,"Conferência",BASE!G5:G76) -> 4500 | D6: =AVERAGEIF(BASE!C5:C76,"Conferência",BASE!G5:G76) -> 300
A7: Conferência | B7: =COUNTIF(BASE!C5:C76,"Formação") -> 15 | C7: =SUMIF(BASE!C5:C76,"Formação",BASE!G5:G76) -> 6360 | D7: =AVERAGEIF(BASE!C5:C76,"Formação",BASE!G5:G76) -> 424
A8: Formação | B8: =COUNTIF(BASE!C5:C76,"Festa") -> 14 | C8: =SUMIF(BASE!C5:C76,"Festa",BASE!G5:G76) -> 6545 | D8: =AVERAGEIF(BASE!C5:C76,"Festa",BASE!G5:G76) -> 467.5
A9: Festa | B9: =COUNTIF(BASE!C5:C76,"Reunião") -> 14 | C9: =SUMIF(BASE!C5:C76,"Reunião",BASE!G5:G76) -> 6300 | D9: =AVERAGEIF(BASE!C5:C76,"Reunião",BASE!G5:G76) -> 450
A10: Reunião | B10: =COUNTIF(BASE!C5:C76,"Lançamento") -> 14 | C10: =SUMIF(BASE!C5:C76,"Lançamento",BASE!G5:G76) -> 12635 | D10: =AVERAGEIF(BASE!C5:C76,"Lançamento",BASE!G5:G76) -> 902.5
A11: Lançamento
A13: Por Serviço
A15: Serviço | B15: =COUNTIF(BASE!D5:D76,"Catering") -> 15 | C15: =SUMIF(BASE!D5:D76,"Catering",BASE!G5:G76) -> 4500 | D15: =AVERAGEIF(BASE!D5:D76,"Catering",BASE!G5:G76) -> 300
A16: Catering | B16: =COUNTIF(BASE!D5:D76,"Audiovisual") -> 15 | C16: =SUMIF(BASE!D5:D76,"Audiovisual",BASE!G5:G76) -> 6360 | D16: =AVERAGEIF(BASE!D5:D76,"Audiovisual",BASE!G5:G76) -> 424
A17: Audiovisual | B17: =COUNTIF(BASE!D5:D76,"Decoração") -> 14 | C17: =SUMIF(BASE!D5:D76,"Decoração",BASE!G5:G76) -> 6545 | D17: =AVERAGEIF(BASE!D5:D76,"Decoração",BASE!G5:G76) -> 467.5
A18: Decoração | B18: =COUNTIF(BASE!D5:D76,"Logística") -> 14 | C18: =SUMIF(BASE!D5:D76,"Logística",BASE!G5:G76) -> 6300 | D18: =AVERAGEIF(BASE!D5:D76,"Logística",BASE!G5:G76) -> 450
A19: Logística | B19: =COUNTIF(BASE!D5:D76,"Animação") -> 14 | C19: =SUMIF(BASE!D5:D76,"Animação",BASE!G5:G76) -> 12635 | D19: =AVERAGEIF(BASE!D5:D76,"Animação",BASE!G5:G76) -> 902.5
A20: Animação
A22: Por Região
A24: Região | B24: =COUNTIF(BASE!H5:H76,"Norte") -> 15 | C24: =SUMIF(BASE!H5:H76,"Norte",BASE!G5:G76) -> 4500 | D24: =AVERAGEIF(BASE!H5:H76,"Norte",BASE!G5:G76) -> 300
A25: Norte | B25: =COUNTIF(BASE!H5:H76,"Lisboa") -> 15 | C25: =SUMIF(BASE!H5:H76,"Lisboa",BASE!G5:G76) -> 6360 | D25: =AVERAGEIF(BASE!H5:H76,"Lisboa",BASE!G5:G76) -> 424
A26: Lisboa | B26: =COUNTIF(BASE!H5:H76,"Centro") -> 14 | C26: =SUMIF(BASE!H5:H76,"Centro",BASE!G5:G76) -> 6545 | D26: =AVERAGEIF(BASE!H5:H76,"Centro",BASE!G5:G76) -> 467.5
A27: Centro | B27: =COUNTIF(BASE!H5:H76,"Alentejo") -> 14 | C27: =SUMIF(BASE!H5:H76,"Alentejo",BASE!G5:G76) -> 6300 | D27: =AVERAGEIF(BASE!H5:H76,"Alentejo",BASE!G5:G76) -> 450
A28: Alentejo | B28: =COUNTIF(BASE!H5:H76,"Algarve") -> 14 | C28: =SUMIF(BASE!H5:H76,"Algarve",BASE!G5:G76) -> 12635 | D28: =AVERAGEIF(BASE!H5:H76,"Algarve",BASE!G5:G76) -> 902.5
A29: Algarve

Sheet ANÁLISE
A1: ANÁLISE DINÂMICA
A2: Cria uma tabela dinâmica a partir de tbEventos e um gráfico que responda a uma questão concreta.
A4: QUESTÃO 1 — Que tipo de evento gera maior receita total?
A5: → Cria aqui a tabela dinâmica e o gráfico correspondente
A7: QUESTÃO 2 — Qual o serviço mais contratado por região?
A8: → Cria aqui a tabela dinâmica e o gráfico correspondente
A10: QUESTÃO 3 — Como evoluem as receitas ao longo dos meses?
A11: → Cria aqui a tabela dinâmica e o gráfico correspondente

Sheet VERIFICAÇÃO
A1: VERIFICAÇÃO FINAL
A2: Confirma cada ponto antes de entregar o ficheiro.
A4: Elemento | B4: Concluído? | C4: Folha | D4: Observações
A5: A coluna Receita está preenchida com fórmula copiável | B5: ✓ | C5: BASE
A6: O intervalo foi convertido na tabela tbEventos | B6: ✓ | C6: BASE
A7: Os tipos de dados estão corretos (datas, números, texto) | B7: ✓ | C7: BASE
A8: Os 8 indicadores estão calculados com as funções corretas | B8: ✓ | C8: CÁLCULOS
A9: As tabelas por tipo, serviço e região estão preenchidas | B9: ✓ | C9: ESTATÍSTICA
A10: A tabela dinâmica foi criada a partir de tbEventos | B10: ✓ | C10: ANÁLISE
A11: O gráfico responde a uma questão concreta e tem título | B11: ✓ | C11: ANÁLISE
A12: Não existem erros de fórmula no ficheiro | B12: ✓ | C12: Todas
A13: Os filtros estão limpos antes da entrega | B13: ✓ | C13: Todas
